0,-170.7
1,-170.58
2,-170.52
3,-167.27
4,-164.76
5,-162.99
6,-161.95
7,-161.08
8,-160.42
9,-159.78
10,-159.52
11,-159.36
12,-158.93
13,-158.81
14,-158.49
15,-158.24
16,-158.23
17,-158.16
18,-158.12
19,-158.11
20,-158.09
21,-157.99
22,-157.93
23,-157.91
24,-157.9
25,-157.89
26,-157.88
27,-157.83
28,-157.82
29,-157.81
30,-157.77
31,-157.76
32,-157.71
33,-157.71
34,-157.71
35,-157.69
36,-157.69
37,-157.69
38,-157.69
39,-157.68
40,-157.67
41,-157.67
42,-157.64
43,-157.64
44,-157.63
45,-157.62
46,-157.62
47,-157.6
48,-157.55
49,-157.55
50,-157.54
51,-157.54
52,-157.52
53,-157.52
54,-157.52
55,-157.52
56,-157.52
57,-157.52
58,-157.52
59,-157.5
60,-157.48
61,-157.48
62,-157.5
63,-157.48
64,-157.48
65,-157.46
66,-157.46
67,-157.46
68,-157.45
69,-157.44
70,-157.44
71,-157.43
72,-157.43
73,-157.43
74,-157.43
75,-157.43
76,-157.43
77,-157.42
78,-157.42
79,-157.42
80,-157.41
81,-157.41
82,-157.4
83,-157.41
84,-157.41
85,-157.4
86,-157.4
87,-157.4
88,-157.4
89,-157.4
90,-157.4
91,-157.4
92,-157.4
93,-157.4
94,-157.4
95,-157.43
96,-157.43
97,-157.43
98,-157.43
99,-157.43
100,-157.43
101,-157.4
102,-157.4
103,-157.4
104,-157.4
105,-157.4
106,-157.4
107,-157.39
108,-157.39
109,-157.39
110,-157.37
111,-157.34
112,-157.34
113,-157.34
114,-157.34
115,-157.35
116,-157.36
117,-157.36
118,-157.37
119,-157.38
120,-157.38
121,-157.39
122,-157.4
123,-157.39
124,-157.39
125,-157.39
126,-157.43
127,-157.43
128,-157.43
129,-157.43
130,-157.43
131,-157.44
132,-157.44
133,-157.44
134,-157.44
135,-157.44
136,-157.44
137,-157.44
138,-157.44
139,-157.44
140,-157.43
141,-157.43
142,-157.43
143,-157.42
144,-157.42
145,-157.41
146,-157.41
147,-157.41
148,-157.42
149,-157.42
150,-157.43
151,-157.43
152,-157.43
153,-157.43
154,-157.43
155,-157.43
156,-157.43
157,-157.44
158,-157.44
159,-157.44
160,-157.44
161,-157.44
162,-157.45
163,-157.47
164,-157.47
165,-157.45
166,-157.44
167,-157.44
168,-157.45
169,-157.45
170,-157.44
171,-157.44
172,-157.44
173,-157.44
174,-157.44
175,-157.44
176,-157.44
177,-157.44
178,-157.44
179,-157.44
180,-157.46
181,-157.48
182,-157.46
183,-157.46
184,-157.46
185,-157.46
186,-157.46
187,-157.46
188,-157.48
189,-157.48
190,-157.48
191,-157.49
192,-157.48
193,-157.48
194,-157.49
195,-157.49
196,-157.49
197,-157.49
198,-157.48
199,-157.48
200,-157.48
201,-157.48
202,-157.48
203,-157.49
204,-157.5
205,-157.49
206,-157.49
207,-157.49
208,-157.48
209,-157.48
210,-157.48
211,-157.48
212,-157.48
213,-157.48
214,-157.48
215,-157.49
216,-157.5
217,-157.5
218,-157.53
219,-157.53
220,-157.5
221,-157.53
222,-157.53
223,-157.53
224,-157.53
225,-157.53
226,-157.53
227,-157.53
228,-157.53
229,-157.53
230,-157.53
231,-157.53
232,-157.53
233,-157.53
234,-157.53
235,-157.54
236,-157.54
237,-157.55
238,-157.55
239,-157.55
240,-157.55
241,-157.55
242,-157.54
243,-157.54
244,-157.55
245,-157.55
246,-157.55
247,-157.55
248,-157.55
249,-157.55
250,-157.55
251,-157.55
252,-157.55
253,-157.55
254,-157.55
255,-157.55
256,-157.55
257,-157.55
258,-157.56
259,-157.56
260,-157.56
261,-157.56
262,-157.56
263,-157.57
264,-157.57
265,-157.56
266,-157.56
267,-157.57
268,-157.58
269,-157.58
270,-157.59
271,-157.59
272,-157.59
273,-157.6
274,-157.59
275,-157.59
276,-157.59
277,-157.59
278,-157.59
279,-157.59
280,-157.59
281,-157.58
282,-157.58
283,-157.57
284,-157.56
285,-157.56
286,-157.56
287,-157.56
288,-157.55
289,-157.55
290,-157.55
291,-157.55
292,-157.55
293,-157.55
294,-157.56
295,-157.56
296,-157.55
297,-157.55
298,-157.55
299,-157.56
300,-157.56
301,-157.56
302,-157.56
303,-157.56
304,-157.56
305,-157.56
306,-157.58
307,-157.56
308,-157.56
309,-157.56
310,-157.56
311,-157.56
312,-157.58
313,-157.56
314,-157.56
315,-157.56
316,-157.56
317,-157.58
318,-157.58
319,-157.56
320,-157.58
321,-157.56
322,-157.56
323,-157.56
324,-157.56
325,-157.58
326,-157.59
327,-157.61
328,-157.62
329,-157.63
330,-157.63
331,-157.64
332,-157.66
333,-157.66
334,-157.68
335,-157.68
336,-157.68
337,-157.68
338,-157.68
339,-157.68
340,-157.68
341,-157.66
342,-157.66
343,-157.66
344,-157.66
345,-157.66
346,-157.64
347,-157.64
348,-157.66
349,-157.66
350,-157.66
351,-157.64
352,-157.64
353,-157.64
354,-157.66
355,-157.66
356,-157.64
357,-157.64
358,-157.64
359,-157.64
360,-157.62
361,-157.61
362,-157.61
363,-157.61
364,-157.62
365,-157.64
366,-157.64
367,-157.64
368,-157.64
369,-157.62
370,-157.62
371,-157.62
372,-157.62
373,-157.64
374,-157.64
375,-157.64
376,-157.64
377,-157.66
378,-157.66
379,-157.66
380,-157.66
381,-157.66
382,-157.64
383,-157.64
384,-157.64
385,-157.64
386,-157.66
387,-157.69
388,-157.7
389,-157.7
390,-157.7
391,-157.71
392,-157.71
393,-157.72
394,-157.72
395,-157.73
396,-157.74
397,-157.76
398,-157.78
399,-157.78
400,-157.78
401,-157.82
402,-157.82
403,-157.78
404,-157.76
405,-157.74
406,-157.74
407,-157.74
408,-157.76
409,-157.78
410,-157.84
411,-157.84
412,-157.84
413,-157.85
414,-157.87
415,-157.87
416,-157.85
417,-157.84
418,-157.84
419,-157.85
420,-157.87
421,-157.88
422,-157.88
423,-157.89
424,-157.89
425,-157.89
426,-157.89
427,-157.89
428,-157.89
429,-157.89
430,-157.89
431,-157.89
432,-157.89
433,-157.89
434,-157.89
435,-157.89
436,-157.89
437,-157.89
438,-157.88
439,-157.88
440,-157.88
441,-157.88
442,-157.88
443,-157.88
444,-157.88
445,-157.88
446,-157.88
447,-157.89
448,-157.89
449,-157.88
450,-157.89
451,-157.89
452,-157.88
453,-157.88
454,-157.89
455,-157.89
456,-157.89
457,-157.89
458,-157.89
459,-157.89
460,-157.89
461,-157.89
462,-157.89
463,-157.89
464,-157.89
465,-157.89
466,-157.89
467,-157.9
468,-157.9
469,-157.9
470,-157.91
471,-157.91
472,-157.9
473,-157.91
474,-157.93
475,-157.93
476,-157.93
477,-157.94
478,-157.95
479,-157.95
480,-157.95
481,-157.94
482,-157.93
483,-157.93
484,-157.94
485,-157.94
486,-157.93
487,-157.94
488,-157.95
489,-157.95
490,-157.96
491,-157.96
492,-157.96
493,-157.96
494,-157.97
495,-157.96
496,-157.96
497,-157.97
498,-157.98
499,-157.98
500,-157.98
501,-157.98
502,-157.98
503,-157.98
504,-157.98
505,-157.98
506,-157.98
507,-157.99
508,-157.99
509,-157.97
510,-157.96
511,-157.96
512,-157.95
513,-157.94
514,-157.94
515,-157.94
516,-157.94
517,-157.94
518,-157.93
519,-157.93
520,-157.93
521,-157.91
522,-157.91
523,-157.91
524,-157.91
525,-157.9
526,-157.89
527,-157.88
528,-157.88
529,-157.88
530,-157.88
531,-157.88
532,-157.88
533,-157.88
534,-157.86
535,-157.86
536,-157.86
537,-157.86
538,-157.86
539,-157.86
540,-157.85
541,-157.85
542,-157.85
543,-157.86
544,-157.88
545,-157.88
546,-157.88
547,-157.86
548,-157.86
549,-157.85
550,-157.85
551,-157.85
552,-157.85
553,-157.85
554,-157.85
555,-157.85
556,-157.86
557,-157.87
558,-157.86
559,-157.86
560,-157.86
561,-157.86
562,-157.86
563,-157.86
564,-157.87
565,-157.88
566,-157.88
567,-157.87
568,-157.87
569,-157.88
570,-157.88
571,-157.88
572,-157.88
573,-157.88
574,-157.88
575,-157.87
576,-157.88
577,-157.88
578,-157.91
579,-157.91
580,-157.91
581,-157.88
582,-157.88
583,-157.88
584,-157.88
585,-157.88
586,-157.91
587,-157.91
588,-157.91
589,-157.91
590,-157.94
591,-157.96
592,-157.97
593,-157.96
594,-157.96
595,-157.96
596,-157.96
597,-157.96
598,-157.96
599,-157.96
600,-157.96
601,-157.96
602,-157.96
603,-157.98
604,-157.98
605,-157.99
606,-158
607,-157.99
608,-157.98
609,-157.99
610,-157.98
611,-157.98
612,-157.96
613,-157.98
614,-157.98
615,-157.98
616,-157.99
617,-157.99
618,-158
619,-158
620,-158.01
621,-158.01
622,-158.01
623,-158.01
624,-158.01
625,-158.01
626,-158.01
627,-158.01
628,-158.01
629,-158.01
630,-158.01
631,-158.01
632,-158.01
633,-158.01
634,-158.01
635,-158.01
636,-158.01
637,-158.01
638,-158.01
639,-158.01
640,-158.01
641,-158
642,-158
643,-157.98
644,-157.98
645,-157.98
646,-157.98
647,-157.98
648,-157.98
649,-157.98
650,-158
651,-158.01
652,-158.01
653,-158.01
654,-158.01
655,-158.01
656,-158.01
657,-158
658,-158.01
659,-158.01
660,-158
661,-158
662,-158
663,-158
664,-158
665,-157.98
666,-157.98
667,-157.98
668,-157.98
669,-157.97
670,-157.93
671,-157.91
672,-157.93
673,-157.93
674,-157.93
675,-157.93
676,-157.93
677,-157.91
678,-157.89
679,-157.89
680,-157.89
681,-157.89
682,-157.89
683,-157.89
684,-157.89
685,-157.88
686,-157.89
687,-157.89
688,-157.89
689,-157.89
690,-157.89
691,-157.89
692,-157.91
693,-157.89
694,-157.89
695,-157.89
696,-157.91
697,-157.91
698,-157.91
699,-157.91
700,-157.94
701,-157.91
702,-157.91
703,-157.91
704,-157.91
705,-157.91
706,-157.91
707,-157.91
708,-157.92
709,-157.92
710,-157.94
711,-157.94
712,-157.94
713,-157.96
714,-157.96
715,-157.96
716,-157.98
717,-157.99
718,-157.99
719,-157.99
720,-157.99
721,-157.99
722,-158
723,-158
724,-157.99
725,-157.99
726,-158
727,-158
728,-158.02
729,-158.02
730,-158
731,-158.02
732,-158.03
733,-158.04
734,-158.04
735,-158.04
736,-158.04
737,-158.05
738,-158.05
739,-158.05
740,-158.05
741,-158.05
742,-158.05
743,-158.05
744,-158.05
745,-158.05
746,-158.05
747,-158.05
748,-158.05
749,-158.05
750,-158.04
751,-158.04
752,-158.04
753,-158.04
754,-158.04
755,-158.04
756,-158.03
757,-158.04
758,-158.04
759,-158.04
760,-158.04
761,-158.04
762,-158.04
763,-158.04
764,-158.04
765,-158.04
766,-158.04
767,-158.04
768,-158.03
769,-158.02
770,-158.01
771,-158.01
772,-158.01
773,-158.01
774,-157.99
775,-157.99
776,-157.99
777,-157.99
778,-158.01
779,-158.01
780,-158.01
781,-158.01
782,-158
783,-157.99
784,-157.99
785,-157.99
786,-157.97
787,-157.97
788,-157.94
789,-157.93
790,-157.92
791,-157.91
792,-157.91
793,-157.91
794,-157.91
795,-157.92
796,-157.92
797,-157.92
798,-157.92
799,-157.92
800,-157.91
801,-157.91
802,-157.91
803,-157.91
804,-157.91
805,-157.91
806,-157.91
807,-157.91
808,-157.91
809,-157.91
810,-157.92
811,-157.91
812,-157.91
813,-157.91
814,-157.91
815,-157.9
816,-157.9
817,-157.9
818,-157.9
819,-157.91
820,-157.92
821,-157.92
822,-157.93
823,-157.93
824,-157.94
825,-157.94
826,-157.94
827,-157.93
828,-157.92
829,-157.92
830,-157.92
831,-157.92
832,-157.92
833,-157.92
834,-157.92
835,-157.93
836,-157.94
837,-157.94
838,-157.94
839,-157.95
840,-157.95
841,-157.95
842,-157.95
843,-157.95
844,-157.95
845,-157.95
846,-157.95
847,-157.95
848,-157.95
849,-157.95
850,-157.96
851,-157.96
852,-157.96
853,-157.95
854,-157.95
855,-157.95
856,-157.95
857,-157.95
858,-157.95
859,-157.93
860,-157.93
861,-157.92
862,-157.92
863,-157.91
864,-157.91
865,-157.91
866,-157.91
867,-157.91
868,-157.91
869,-157.91
870,-157.91
871,-157.87
872,-157.91
873,-157.87
874,-157.87
875,-157.87
876,-157.87
877,-157.88
878,-157.91
879,-157.91
880,-157.91
881,-157.91
882,-157.91
883,-157.91
884,-157.88
885,-157.9
886,-157.88
887,-157.86
888,-157.85
889,-157.84
890,-157.81
891,-157.81
892,-157.81
893,-157.84
894,-157.85
895,-157.85
896,-157.85
897,-157.84
898,-157.84
899,-157.84
900,-157.84
901,-157.83
902,-157.84
903,-157.85
904,-157.85
905,-157.84
906,-157.84
907,-157.83
908,-157.83
909,-157.84
910,-157.84
911,-157.84
912,-157.84
913,-157.84
914,-157.84
915,-157.84
916,-157.85
917,-157.86
918,-157.86
919,-157.86
920,-157.86
921,-157.86
922,-157.86
923,-157.86
924,-157.86
925,-157.85
926,-157.84
927,-157.84
928,-157.84
929,-157.84
930,-157.84
931,-157.84
932,-157.84
933,-157.83
934,-157.83
935,-157.83
936,-157.82
937,-157.82
938,-157.82
939,-157.82
940,-157.82
941,-157.83
942,-157.82
943,-157.82
944,-157.81
945,-157.79
946,-157.81
947,-157.81
948,-157.81
949,-157.82
950,-157.82
951,-157.82
952,-157.82
953,-157.81
954,-157.79
955,-157.79
956,-157.79
957,-157.78
958,-157.78
959,-157.77
960,-157.77
961,-157.76
962,-157.75
963,-157.75
964,-157.74
965,-157.74
966,-157.74
967,-157.74
968,-157.72
969,-157.72
970,-157.72
971,-157.72
972,-157.68
973,-157.68
974,-157.67
975,-157.67
976,-157.65
977,-157.65
978,-157.65
979,-157.65
980,-157.65
981,-157.65
982,-157.64
983,-157.64
984,-157.64
985,-157.64
986,-157.64
987,-157.64
988,-157.64
989,-157.65
990,-157.65
991,-157.65
992,-157.64
993,-157.64
994,-157.63
995,-157.62
996,-157.62
997,-157.62
998,-157.61
999,-157.59
1000,-157.58
1001,-157.57
1002,-157.57
1003,-157.57
1004,-157.57
1005,-157.57
1006,-157.57
1007,-157.59
1008,-157.6
1009,-157.6
1010,-157.6
1011,-157.62
1012,-157.6
1013,-157.6
1014,-157.6
1015,-157.62
1016,-157.62
1017,-157.62
1018,-157.62
1019,-157.62
1020,-157.62
1021,-157.62
1022,-157.62
1023,-157.62
1024,-157.62
1025,-157.62
1026,-157.62
1027,-157.62
1028,-157.62
1029,-157.6
1030,-157.6
1031,-157.59
1032,-157.59
1033,-157.59
1034,-157.57
1035,-157.57
1036,-157.57
1037,-157.56
1038,-157.56
1039,-157.56
1040,-157.56
1041,-157.56
1042,-157.56
1043,-157.56
1044,-157.56
1045,-157.56
1046,-157.57
1047,-157.56
1048,-157.56
1049,-157.56
1050,-157.56
1051,-157.56
1052,-157.57
1053,-157.58
1054,-157.57
1055,-157.56
1056,-157.56
1057,-157.56
1058,-157.56
1059,-157.56
1060,-157.56
1061,-157.56
1062,-157.56
1063,-157.56
1064,-157.56
1065,-157.56
1066,-157.56
1067,-157.56
1068,-157.56
1069,-157.56
1070,-157.56
1071,-157.56
1072,-157.56
1073,-157.56
1074,-157.56
1075,-157.56
1076,-157.56
1077,-157.55
1078,-157.55
1079,-157.55
1080,-157.55
1081,-157.55
1082,-157.55
1083,-157.55
1084,-157.56
1085,-157.55
1086,-157.55
1087,-157.54
1088,-157.54
1089,-157.53
1090,-157.5
1091,-157.48
1092,-157.48
1093,-157.48
1094,-157.47
1095,-157.47
1096,-157.47
1097,-157.47
1098,-157.47
1099,-157.47
1100,-157.47
1101,-157.46
1102,-157.46
1103,-157.43
1104,-157.43
1105,-157.43
1106,-157.42
1107,-157.42
1108,-157.42
1109,-157.42
1110,-157.42
1111,-157.42
1112,-157.41
1113,-157.4
1114,-157.4
1115,-157.4
1116,-157.38
1117,-157.38
1118,-157.38
1119,-157.38
1120,-157.38
1121,-157.38
1122,-157.38
1123,-157.38
1124,-157.38
1125,-157.38
1126,-157.4
1127,-157.41
1128,-157.42
1129,-157.43
1130,-157.43
1131,-157.43
1132,-157.44
1133,-157.44
1134,-157.44
1135,-157.44
1136,-157.45
1137,-157.46
1138,-157.45
1139,-157.45
1140,-157.45
1141,-157.46
1142,-157.46
1143,-157.46
1144,-157.45
1145,-157.45
1146,-157.45
1147,-157.45
1148,-157.45
1149,-157.44
1150,-157.44
1151,-157.44
1152,-157.43
1153,-157.42
1154,-157.43
1155,-157.43
1156,-157.43
1157,-157.43
1158,-157.43
1159,-157.43
1160,-157.43
1161,-157.42
1162,-157.42
1163,-157.42
1164,-157.42
1165,-157.42
1166,-157.42
1167,-157.42
1168,-157.42
1169,-157.42
1170,-157.42
1171,-157.42
1172,-157.42
1173,-157.41
1174,-157.41
1175,-157.4
1176,-157.4
1177,-157.4
1178,-157.39
1179,-157.38
1180,-157.38
1181,-157.38
1182,-157.38
1183,-157.38
1184,-157.37
1185,-157.36
1186,-157.36
1187,-157.36
1188,-157.36
1189,-157.36
1190,-157.36
1191,-157.36
1192,-157.35
1193,-157.35
1194,-157.36
1195,-157.36
1196,-157.35
1197,-157.35
1198,-157.3
1199,-157.3
1200,-157.28
1201,-157.28
1202,-157.28
1203,-157.28
1204,-157.28
1205,-157.27
1206,-157.27
1207,-157.27
1208,-157.26
1209,-157.26
1210,-157.25
1211,-157.24
1212,-157.25
1213,-157.26
1214,-157.25
1215,-157.25
1216,-157.26
1217,-157.25
1218,-157.24
1219,-157.24
1220,-157.24
1221,-157.24
1222,-157.24
1223,-157.24
1224,-157.24
1225,-157.24
1226,-157.24
1227,-157.2
1228,-157.19
1229,-157.19
1230,-157.19
1231,-157.19
1232,-157.19
1233,-157.19
1234,-157.19
1235,-157.19
1236,-157.19
1237,-157.19
1238,-157.19
1239,-157.19
1240,-157.19
1241,-157.19
1242,-157.19
1243,-157.19
1244,-157.19
1245,-157.19
1246,-157.19
1247,-157.19
1248,-157.18
1249,-157.18
1250,-157.19
1251,-157.18
1252,-157.18
1253,-157.17
1254,-157.17
1255,-157.17
1256,-157.17
1257,-157.17
1258,-157.16
1259,-157.17
1260,-157.18
1261,-157.18
1262,-157.17
1263,-157.16
1264,-157.15
1265,-157.15
1266,-157.13
1267,-157.13
1268,-157.15
1269,-157.15
1270,-157.15
1271,-157.16
1272,-157.17
1273,-157.16
1274,-157.15
1275,-157.16
1276,-157.17
1277,-157.17
1278,-157.17
1279,-157.17
1280,-157.17
1281,-157.18
1282,-157.18
1283,-157.17
1284,-157.16
1285,-157.16
1286,-157.16
1287,-157.15
1288,-157.13
1289,-157.12
1290,-157.12
1291,-157.11
1292,-157.11
1293,-157.11
1294,-157.09
1295,-157.09
1296,-157.09
1297,-157.09
1298,-157.08
1299,-157.08
1300,-157.08
1301,-157.08
1302,-157.09
1303,-157.09
1304,-157.1
1305,-157.1
1306,-157.1
1307,-157.11
1308,-157.12
1309,-157.12
1310,-157.11
1311,-157.11
1312,-157.1
1313,-157.1
1314,-157.1
1315,-157.09
1316,-157.1
1317,-157.1
1318,-157.08
1319,-157.08
1320,-157.06
1321,-157.08
1322,-157.06
1323,-157.06
1324,-157.06
1325,-157.06
1326,-157.03
1327,-157.02
1328,-157.01
1329,-157.03
1330,-157.03
1331,-157.01
1332,-157.01
1333,-157
1334,-157.01
1335,-157.01
1336,-157.01
1337,-157.01
1338,-157.01
1339,-157.01
1340,-157.01
1341,-157.01
1342,-157.01
1343,-157.01
1344,-157
1345,-156.99
1346,-156.97
1347,-156.97
1348,-156.97
1349,-156.96
1350,-156.95
1351,-156.95
1352,-156.95
1353,-156.94
1354,-156.94
1355,-156.94
1356,-156.94
1357,-156.94
1358,-156.94
1359,-156.94
1360,-156.94
1361,-156.94
1362,-156.94
1363,-156.91
1364,-156.91
1365,-156.91
1366,-156.91
1367,-156.91
1368,-156.91
1369,-156.91
1370,-156.91
1371,-156.91
1372,-156.9
1373,-156.9
1374,-156.9
1375,-156.9
1376,-156.9
1377,-156.9
1378,-156.9
1379,-156.9
1380,-156.9
1381,-156.9
1382,-156.9
1383,-156.9
1384,-156.9
1385,-156.9
1386,-156.89
1387,-156.89
1388,-156.88
1389,-156.88
1390,-156.88
1391,-156.88
1392,-156.88
1393,-156.89
1394,-156.88
1395,-156.88
1396,-156.88
1397,-156.89
1398,-156.89
1399,-156.89
1400,-156.88
1401,-156.89
1402,-156.88
1403,-156.89
1404,-156.9
1405,-156.9
1406,-156.89
1407,-156.88
1408,-156.88
1409,-156.88
1410,-156.88
1411,-156.88
1412,-156.88
1413,-156.88
1414,-156.88
1415,-156.88
1416,-156.88
1417,-156.88
1418,-156.88
1419,-156.88
1420,-156.88
1421,-156.87
1422,-156.88
1423,-156.88
1424,-156.88
1425,-156.88
1426,-156.87
1427,-156.87
1428,-156.87
1429,-156.86
1430,-156.86
1431,-156.86
1432,-156.86
1433,-156.86
1434,-156.86
1435,-156.86
1436,-156.86
1437,-156.85
1438,-156.86
1439,-156.86
1440,-156.86
1441,-156.86
1442,-156.86
1443,-156.85
1444,-156.85
1445,-156.86
1446,-156.86
1447,-156.86
1448,-156.86
1449,-156.86
1450,-156.86
1451,-156.86
1452,-156.86
1453,-156.86
1454,-156.86
1455,-156.86
1456,-156.86
1457,-156.86
1458,-156.85
1459,-156.82
1460,-156.8
1461,-156.8
1462,-156.81
1463,-156.8
1464,-156.78
1465,-156.8
1466,-156.78
1467,-156.78
1468,-156.8
1469,-156.8
1470,-156.81
1471,-156.81
1472,-156.81
1473,-156.81
1474,-156.81
1475,-156.82
1476,-156.82
1477,-156.82
1478,-156.81
1479,-156.81
1480,-156.82
1481,-156.82
1482,-156.82
1483,-156.81
1484,-156.81
1485,-156.81
1486,-156.81
1487,-156.81
1488,-156.81
1489,-156.81
1490,-156.81
1491,-156.78
1492,-156.78
1493,-156.78
1494,-156.76
1495,-156.76
1496,-156.76
1497,-156.76
1498,-156.76
1499,-156.76
1500,-156.74
1501,-156.74
1502,-156.74
1503,-156.74
1504,-156.73
1505,-156.72
1506,-156.72
1507,-156.73
1508,-156.74
1509,-156.74
1510,-156.74
1511,-156.74
1512,-156.74
1513,-156.73
1514,-156.74
1515,-156.74
1516,-156.74
1517,-156.74
1518,-156.74
1519,-156.72
1520,-156.74
1521,-156.74
1522,-156.72
1523,-156.72
1524,-156.72
1525,-156.7
1526,-156.69
1527,-156.69
1528,-156.7
1529,-156.69
1530,-156.69
1531,-156.69
1532,-156.7
1533,-156.7
1534,-156.7
1535,-156.7
1536,-156.7
1537,-156.69
1538,-156.69
1539,-156.69
1540,-156.69
1541,-156.69
1542,-156.69
1543,-156.69
1544,-156.7
1545,-156.7
1546,-156.69
1547,-156.7
1548,-156.69
1549,-156.69
1550,-156.69
1551,-156.69
1552,-156.69
1553,-156.69
1554,-156.69
1555,-156.69
1556,-156.71
1557,-156.71
1558,-156.69
1559,-156.69
1560,-156.69
1561,-156.69
1562,-156.71
1563,-156.71
1564,-156.71
1565,-156.71
1566,-156.69
1567,-156.69
1568,-156.69
1569,-156.69
1570,-156.69
1571,-156.69
1572,-156.68
1573,-156.68
1574,-156.68
1575,-156.68
1576,-156.68
1577,-156.68
1578,-156.67
1579,-156.67
1580,-156.68
1581,-156.66
1582,-156.65
1583,-156.65
1584,-156.64
1585,-156.61
1586,-156.61
1587,-156.61
1588,-156.61
1589,-156.61
1590,-156.6
1591,-156.61
1592,-156.61
1593,-156.61
1594,-156.64
1595,-156.61
1596,-156.61
1597,-156.61
1598,-156.6
1599,-156.6
1600,-156.6
1601,-156.6
1602,-156.59
1603,-156.59
1604,-156.55
1605,-156.55
1606,-156.55
1607,-156.55
1608,-156.55
1609,-156.59
1610,-156.59
1611,-156.59
1612,-156.59
1613,-156.55
1614,-156.51
1615,-156.51
1616,-156.51
1617,-156.55
1618,-156.58
1619,-156.59
1620,-156.59
1621,-156.6
1622,-156.61
1623,-156.61
1624,-156.61
1625,-156.61
1626,-156.61
1627,-156.61
1628,-156.61
1629,-156.61
1630,-156.61
1631,-156.61
1632,-156.61
1633,-156.61
1634,-156.61
1635,-156.61
1636,-156.61
1637,-156.61
1638,-156.61
1639,-156.62
1640,-156.62
1641,-156.62
1642,-156.62
1643,-156.63
1644,-156.62
1645,-156.62
1646,-156.62
1647,-156.62
1648,-156.61
1649,-156.61
1650,-156.62
1651,-156.62
1652,-156.61
1653,-156.62
1654,-156.61
1655,-156.61
1656,-156.61
1657,-156.61
1658,-156.61
1659,-156.61
1660,-156.61
1661,-156.61
1662,-156.61
1663,-156.6
1664,-156.6
1665,-156.6
1666,-156.61
1667,-156.6
1668,-156.6
1669,-156.6
1670,-156.58
1671,-156.58
1672,-156.58
1673,-156.58
1674,-156.56
1675,-156.56
1676,-156.55
1677,-156.56
1678,-156.58
1679,-156.58
1680,-156.58
1681,-156.56
1682,-156.56
1683,-156.56
1684,-156.56
1685,-156.56
1686,-156.56
1687,-156.58
1688,-156.58
1689,-156.58
1690,-156.58
1691,-156.58
1692,-156.58
1693,-156.58
1694,-156.58
1695,-156.58
1696,-156.58
1697,-156.56
1698,-156.56
1699,-156.56
1700,-156.58
1701,-156.58
1702,-156.56
1703,-156.56
1704,-156.56
1705,-156.56
1706,-156.57
1707,-156.56
1708,-156.56
1709,-156.57
1710,-156.57
1711,-156.57
1712,-156.57
1713,-156.56
1714,-156.56
1715,-156.56
1716,-156.56
1717,-156.56
1718,-156.56
1719,-156.56
1720,-156.56
1721,-156.57
1722,-156.58
1723,-156.58
1724,-156.58
1725,-156.58
1726,-156.58
1727,-156.58
1728,-156.57
1729,-156.57
1730,-156.58
1731,-156.58
1732,-156.58
1733,-156.58
1734,-156.59
1735,-156.58
1736,-156.58
1737,-156.58
1738,-156.58
1739,-156.57
1740,-156.56
1741,-156.56
1742,-156.56
1743,-156.56
1744,-156.55
1745,-156.55
1746,-156.55
1747,-156.55
1748,-156.55
1749,-156.55
1750,-156.55
1751,-156.55
1752,-156.55
1753,-156.55
1754,-156.55
1755,-156.55
1756,-156.55
1757,-156.54
1758,-156.54
1759,-156.54
1760,-156.54
1761,-156.54
1762,-156.53
1763,-156.53
1764,-156.53
1765,-156.53
1766,-156.54
1767,-156.54
1768,-156.54
1769,-156.53
1770,-156.52
1771,-156.52
1772,-156.51
1773,-156.51
1774,-156.51
1775,-156.5
1776,-156.51
1777,-156.51
1778,-156.51
1779,-156.51
1780,-156.5
1781,-156.5
1782,-156.5
1783,-156.5
1784,-156.5
1785,-156.5
1786,-156.5
1787,-156.5
1788,-156.51
1789,-156.5
1790,-156.5
1791,-156.5
1792,-156.5
1793,-156.5
1794,-156.5
1795,-156.5
1796,-156.48
1797,-156.48
1798,-156.48
1799,-156.48
1800,-156.48
1801,-156.5
1802,-156.5
1803,-156.48
1804,-156.48
1805,-156.48
1806,-156.46
1807,-156.47
1808,-156.47
1809,-156.47
1810,-156.48
1811,-156.48
1812,-156.48
1813,-156.48
1814,-156.48
1815,-156.48
1816,-156.47
1817,-156.46
1818,-156.47
1819,-156.48
1820,-156.48
1821,-156.48
1822,-156.48
1823,-156.48
1824,-156.5
1825,-156.5
1826,-156.5
1827,-156.5
1828,-156.5
1829,-156.48
1830,-156.49
1831,-156.5
1832,-156.5
1833,-156.49
1834,-156.5
1835,-156.5
1836,-156.49
1837,-156.49
1838,-156.49
1839,-156.49
1840,-156.5
1841,-156.49
1842,-156.49
1843,-156.49
1844,-156.49
1845,-156.49
1846,-156.48
1847,-156.48
1848,-156.48
1849,-156.48
1850,-156.48
1851,-156.49
1852,-156.49
1853,-156.49
1854,-156.49
1855,-156.49
1856,-156.49
1857,-156.49
1858,-156.49
1859,-156.54
1860,-156.55
1861,-156.54
1862,-156.54
1863,-156.54
1864,-156.54
1865,-156.54
1866,-156.5
1867,-156.5
1868,-156.54
1869,-156.54
1870,-156.54
1871,-156.54
1872,-156.54
1873,-156.5
1874,-156.5
1875,-156.5
1876,-156.5
1877,-156.49
1878,-156.49
1879,-156.49
1880,-156.5
1881,-156.5
1882,-156.49
1883,-156.49
1884,-156.5
1885,-156.5
1886,-156.5
1887,-156.5
1888,-156.5
1889,-156.5
1890,-156.5
1891,-156.5
1892,-156.5
1893,-156.5
1894,-156.5
1895,-156.5
1896,-156.5
1897,-156.54
1898,-156.54
1899,-156.54
1900,-156.5
1901,-156.5
1902,-156.5
1903,-156.5
1904,-156.5
1905,-156.54
1906,-156.55
1907,-156.55
1908,-156.56
1909,-156.55
1910,-156.54
1911,-156.5
1912,-156.54
1913,-156.55
1914,-156.5
1915,-156.52
1916,-156.55
1917,-156.56
1918,-156.56
1919,-156.55
1920,-156.55
1921,-156.52
1922,-156.52
1923,-156.55
1924,-156.56
1925,-156.56
1926,-156.56
1927,-156.56
1928,-156.56
1929,-156.56
1930,-156.56
1931,-156.56
1932,-156.56
1933,-156.56
1934,-156.56
1935,-156.56
1936,-156.56
1937,-156.56
1938,-156.56
1939,-156.56
1940,-156.56
1941,-156.56
1942,-156.56
1943,-156.56
1944,-156.56
1945,-156.55
1946,-156.55
1947,-156.55
1948,-156.55
1949,-156.56
1950,-156.56
1951,-156.57
1952,-156.56
1953,-156.56
1954,-156.56
1955,-156.56
1956,-156.56
1957,-156.56
1958,-156.56
1959,-156.55
1960,-156.56
1961,-156.56
1962,-156.56
1963,-156.57
1964,-156.57
1965,-156.58
1966,-156.58
1967,-156.6
1968,-156.61
1969,-156.61
1970,-156.61
1971,-156.61
1972,-156.61
1973,-156.61
1974,-156.6
1975,-156.59
1976,-156.59
1977,-156.59
1978,-156.6
1979,-156.6
1980,-156.59
1981,-156.59
1982,-156.59
1983,-156.59
1984,-156.59
1985,-156.59
1986,-156.59
1987,-156.59
1988,-156.58
1989,-156.58
1990,-156.59
1991,-156.59
1992,-156.59
1993,-156.59
1994,-156.59
1995,-156.59
1996,-156.6
1997,-156.6
1998,-156.59
1999,-156.59
2000,-156.58
2001,-156.56
2002,-156.55
2003,-156.55
2004,-156.55
2005,-156.56
2006,-156.55
2007,-156.55
2008,-156.54
2009,-156.54
2010,-156.53
2011,-156.52
2012,-156.52
2013,-156.53
2014,-156.53
2015,-156.52
2016,-156.52
2017,-156.53
2018,-156.53
2019,-156.53
2020,-156.54
2021,-156.55
2022,-156.54
2023,-156.54
2024,-156.53
2025,-156.54
2026,-156.54
2027,-156.54
2028,-156.54
2029,-156.54
2030,-156.54
2031,-156.54
2032,-156.54
2033,-156.53
2034,-156.53
2035,-156.54
2036,-156.54
2037,-156.54
2038,-156.54
2039,-156.54
2040,-156.54
2041,-156.53
2042,-156.53
2043,-156.53
2044,-156.53
2045,-156.53
2046,-156.53
2047,-156.53
2048,-156.53
2049,-156.53
2050,-156.55
2051,-156.55
2052,-156.55
2053,-156.56
2054,-156.57
2055,-156.58
2056,-156.57
2057,-156.57
2058,-156.61
2059,-156.61
2060,-156.61
2061,-156.61
2062,-156.61
2063,-156.57
2064,-156.57
2065,-156.57
2066,-156.57
2067,-156.57
2068,-156.57
2069,-156.57
2070,-156.55
2071,-156.55
2072,-156.55
2073,-156.57
2074,-156.57
2075,-156.59
2076,-156.59
2077,-156.59
2078,-156.57
2079,-156.57
2080,-156.57
2081,-156.57
2082,-156.59
2083,-156.6
2084,-156.6
2085,-156.6
2086,-156.6
2087,-156.6
2088,-156.59
2089,-156.6
2090,-156.6
2091,-156.61
2092,-156.61
2093,-156.62
2094,-156.62
2095,-156.62
2096,-156.62
2097,-156.62
2098,-156.62
2099,-156.62
2100,-156.64
2101,-156.62
2102,-156.62
2103,-156.62
2104,-156.62
2105,-156.62
2106,-156.62
2107,-156.64
2108,-156.64
2109,-156.64
2110,-156.64
2111,-156.65
2112,-156.65
2113,-156.66
2114,-156.66
2115,-156.67
2116,-156.67
2117,-156.68
2118,-156.68
2119,-156.67
2120,-156.67
2121,-156.67
2122,-156.66
2123,-156.66
2124,-156.66
2125,-156.66
2126,-156.67
2127,-156.66
2128,-156.65
2129,-156.66
2130,-156.67
2131,-156.67
2132,-156.67
2133,-156.67
2134,-156.67
2135,-156.67
2136,-156.67
2137,-156.67
2138,-156.68
2139,-156.68
2140,-156.69
2141,-156.69
2142,-156.69
2143,-156.69
2144,-156.69
2145,-156.69
2146,-156.69
2147,-156.72
2148,-156.72
2149,-156.72
2150,-156.72
2151,-156.72
2152,-156.73
2153,-156.72
2154,-156.72
2155,-156.72
2156,-156.72
2157,-156.72
2158,-156.72
2159,-156.72
2160,-156.72
2161,-156.73
2162,-156.74
2163,-156.74
2164,-156.74
2165,-156.74
2166,-156.74
2167,-156.74
2168,-156.74
2169,-156.74
2170,-156.74
2171,-156.74
2172,-156.74
2173,-156.74
2174,-156.74
2175,-156.74
2176,-156.74
2177,-156.74
2178,-156.74
2179,-156.74
2180,-156.74
2181,-156.74
2182,-156.74
2183,-156.74
2184,-156.74
2185,-156.74
2186,-156.74
2187,-156.74
2188,-156.74
2189,-156.74
2190,-156.73
2191,-156.73
2192,-156.73
2193,-156.74
2194,-156.73
2195,-156.73
2196,-156.72
2197,-156.73
2198,-156.73
2199,-156.73
2200,-156.73
2201,-156.72
2202,-156.72
2203,-156.72
2204,-156.73
2205,-156.73
2206,-156.74
2207,-156.78
2208,-156.78
2209,-156.78
2210,-156.8
2211,-156.8
2212,-156.8
2213,-156.8
2214,-156.78
2215,-156.78
2216,-156.78
2217,-156.78
2218,-156.8
2219,-156.8
2220,-156.8
2221,-156.8
2222,-156.8
2223,-156.83
2224,-156.86
2225,-156.86
2226,-156.86
2227,-156.86
2228,-156.86
2229,-156.86
2230,-156.86
2231,-156.86
2232,-156.86
2233,-156.86
2234,-156.83
2235,-156.83
2236,-156.86
2237,-156.86
2238,-156.86
2239,-156.86
2240,-156.86
2241,-156.86
2242,-156.86
2243,-156.86
2244,-156.86
2245,-156.86
2246,-156.86
2247,-156.86
2248,-156.86
2249,-156.86
2250,-156.83
2251,-156.83
2252,-156.86
2253,-156.83
2254,-156.83
2255,-156.83
2256,-156.83
2257,-156.83
2258,-156.83
2259,-156.83
2260,-156.83
2261,-156.83
2262,-156.83
2263,-156.83
2264,-156.83
2265,-156.83
2266,-156.83
2267,-156.83
2268,-156.83
2269,-156.83
2270,-156.83
2271,-156.83
2272,-156.83
2273,-156.83
2274,-156.83
2275,-156.83
2276,-156.83
2277,-156.83
2278,-156.83
2279,-156.83
2280,-156.83
2281,-156.83
2282,-156.83
2283,-156.83
2284,-156.83
2285,-156.86
2286,-156.87
2287,-156.87
2288,-156.87
2289,-156.87
2290,-156.87
2291,-156.87
2292,-156.87
2293,-156.87
2294,-156.87
2295,-156.86
2296,-156.86
2297,-156.86
2298,-156.86
2299,-156.85
2300,-156.85
2301,-156.85
2302,-156.85
2303,-156.84
2304,-156.85
2305,-156.85
2306,-156.86
2307,-156.86
2308,-156.86
2309,-156.86
2310,-156.85
2311,-156.84
2312,-156.84
2313,-156.84
2314,-156.85
2315,-156.85
2316,-156.85
2317,-156.84
2318,-156.84
2319,-156.85
2320,-156.84
2321,-156.83
2322,-156.83
2323,-156.81
2324,-156.81
2325,-156.81
2326,-156.81
2327,-156.81
2328,-156.81
2329,-156.81
2330,-156.81
2331,-156.83
2332,-156.83
2333,-156.83
2334,-156.84
2335,-156.84
2336,-156.84
2337,-156.84
2338,-156.84
2339,-156.84
2340,-156.84
2341,-156.85
2342,-156.86
2343,-156.87
2344,-156.89
2345,-156.89
2346,-156.9
2347,-156.9
2348,-156.93
2349,-156.95
2350,-156.95
2351,-156.95
2352,-156.95
2353,-156.95
2354,-156.95
2355,-156.95
2356,-156.95
2357,-156.95
2358,-156.95
2359,-156.95
2360,-156.95
2361,-156.95
2362,-156.96
2363,-156.96
2364,-156.96
2365,-156.96
2366,-156.96
2367,-156.96
2368,-156.97
2369,-156.99
2370,-157
2371,-157.01
2372,-157.01
2373,-157.01
2374,-157.03
2375,-157.03
2376,-157.03
2377,-157.01
2378,-157.01
2379,-157.01
2380,-157.01
2381,-157.01
2382,-157.01
2383,-157.01
2384,-157.03
2385,-157.03
2386,-157.03
2387,-157.03
2388,-157.01
2389,-157
2390,-157
2391,-157
2392,-157.01
2393,-157.01
2394,-157.01
2395,-157.03
2396,-157.01
2397,-157.01
2398,-157.01
2399,-157.01
2400,-157.01
2401,-157.03
2402,-157.03
2403,-157.04
2404,-157.04
2405,-157.03
2406,-157.03
2407,-157.03
2408,-157.04
2409,-157.04
2410,-157.04
2411,-157.03
2412,-157.03
2413,-157.03
2414,-157.03
2415,-157.04
2416,-157.06
2417,-157.07
2418,-157.07
2419,-157.06
2420,-157.06
2421,-157.06
2422,-157.06
2423,-157.04
2424,-157.04
2425,-157.04
2426,-157.06
2427,-157.06
2428,-157.07
2429,-157.09
2430,-157.1
2431,-157.12
2432,-157.12
2433,-157.1
2434,-157.1
2435,-157.09
2436,-157.09
2437,-157.09
2438,-157.1
2439,-157.12
2440,-157.12
2441,-157.12
2442,-157.12
2443,-157.12
2444,-157.1
2445,-157.1
2446,-157.11
2447,-157.12
2448,-157.17
2449,-157.12
2450,-157.11
2451,-157.11
2452,-157.12
2453,-157.12
2454,-157.11
2455,-157.1
2456,-157.11
2457,-157.17
2458,-157.17
2459,-157.17
2460,-157.18
2461,-157.18
2462,-157.18
2463,-157.22
2464,-157.22
2465,-157.22
2466,-157.23
2467,-157.23
2468,-157.23
2469,-157.22
2470,-157.22
2471,-157.22
2472,-157.22
2473,-157.23
2474,-157.24
2475,-157.24
2476,-157.24
2477,-157.24
2478,-157.25
2479,-157.25
2480,-157.25
2481,-157.25
2482,-157.25
2483,-157.25
2484,-157.25
2485,-157.25
2486,-157.25
2487,-157.28
2488,-157.28
2489,-157.26
2490,-157.28
2491,-157.28
2492,-157.28
2493,-157.28
2494,-157.29
2495,-157.29
2496,-157.29
2497,-157.29
2498,-157.29
2499,-157.29
2500,-157.31
2501,-157.32
2502,-157.32
2503,-157.34
2504,-157.32
2505,-157.34
2506,-157.36
2507,-157.36
2508,-157.34
2509,-157.32
2510,-157.32
2511,-157.32
2512,-157.31
2513,-157.31
2514,-157.31
2515,-157.32
2516,-157.32
2517,-157.32
2518,-157.34
2519,-157.34
2520,-157.34
2521,-157.34
2522,-157.33
2523,-157.33
2524,-157.33
2525,-157.34
2526,-157.34
2527,-157.34
2528,-157.34
2529,-157.33
2530,-157.34
2531,-157.34
2532,-157.34
2533,-157.34
2534,-157.34
2535,-157.34
2536,-157.34
2537,-157.34
2538,-157.34
2539,-157.35
2540,-157.37
2541,-157.37
2542,-157.38
2543,-157.4
2544,-157.4
2545,-157.41
2546,-157.42
2547,-157.42
2548,-157.42
2549,-157.43
2550,-157.43
2551,-157.45
2552,-157.45
2553,-157.47
2554,-157.49
2555,-157.49
2556,-157.47
2557,-157.47
2558,-157.49
2559,-157.49
2560,-157.5
2561,-157.49
2562,-157.49
2563,-157.5
2564,-157.5
2565,-157.5
2566,-157.5
2567,-157.51
2568,-157.51
2569,-157.52
2570,-157.52
2571,-157.52
2572,-157.52
2573,-157.54
2574,-157.54
2575,-157.54
2576,-157.54
2577,-157.54
2578,-157.54
2579,-157.55
2580,-157.55
2581,-157.56
2582,-157.58
2583,-157.6
2584,-157.58
2585,-157.58
2586,-157.58
2587,-157.6
2588,-157.6
2589,-157.6
2590,-157.6
2591,-157.6
2592,-157.6
2593,-157.6
2594,-157.6
2595,-157.61
2596,-157.61
2597,-157.61
2598,-157.61
2599,-157.61
2600,-157.61
2601,-157.61
2602,-157.61
2603,-157.61
2604,-157.61
2605,-157.61
2606,-157.61
2607,-157.61
2608,-157.61
2609,-157.61
2610,-157.61
2611,-157.61
2612,-157.62
2613,-157.63
2614,-157.63
2615,-157.63
2616,-157.62
2617,-157.62
2618,-157.62
2619,-157.62
2620,-157.63
2621,-157.64
2622,-157.64
2623,-157.64
2624,-157.66
2625,-157.66
2626,-157.66
2627,-157.67
2628,-157.67
2629,-157.67
2630,-157.67
2631,-157.67
2632,-157.67
2633,-157.67
2634,-157.67
2635,-157.68
2636,-157.67
2637,-157.67
2638,-157.67
2639,-157.68
2640,-157.68
2641,-157.7
2642,-157.7
2643,-157.71
2644,-157.7
2645,-157.7
2646,-157.7
2647,-157.7
2648,-157.71
2649,-157.72
2650,-157.72
2651,-157.73
2652,-157.73
2653,-157.73
2654,-157.73
2655,-157.72
2656,-157.73
2657,-157.77
2658,-157.77
2659,-157.77
2660,-157.77
2661,-157.77
2662,-157.78
2663,-157.78
2664,-157.78
2665,-157.77
2666,-157.77
2667,-157.77
2668,-157.77
2669,-157.78
2670,-157.82
2671,-157.82
2672,-157.82
2673,-157.82
2674,-157.82
2675,-157.84
2676,-157.84
2677,-157.84
2678,-157.84
2679,-157.82
2680,-157.82
2681,-157.82
2682,-157.82
2683,-157.82
2684,-157.82
2685,-157.82
2686,-157.82
2687,-157.82
2688,-157.82
2689,-157.82
2690,-157.82
2691,-157.82
2692,-157.82
2693,-157.82
2694,-157.82
2695,-157.82
2696,-157.82
2697,-157.82
2698,-157.84
2699,-157.84
2700,-157.84
2701,-157.84
2702,-157.85
2703,-157.85
2704,-157.84
2705,-157.84
2706,-157.85
2707,-157.85
2708,-157.85
2709,-157.85
2710,-157.85
2711,-157.85
2712,-157.85
2713,-157.85
2714,-157.85
2715,-157.88
2716,-157.89
2717,-157.91
2718,-157.91
2719,-157.91
2720,-157.91
2721,-157.91
2722,-157.91
2723,-157.91
2724,-157.91
2725,-157.91
2726,-157.92
2727,-157.92
2728,-157.92
2729,-157.92
2730,-157.92
2731,-157.92
2732,-157.92
2733,-157.94
2734,-157.94
2735,-157.94
2736,-157.92
2737,-157.92
2738,-157.94
2739,-157.96
2740,-157.96
2741,-157.96
2742,-157.97
2743,-157.98
2744,-157.98
2745,-158
2746,-158
2747,-158
2748,-158
2749,-158.01
2750,-158.02
2751,-158.02
2752,-158.03
2753,-158.03
2754,-158.04
2755,-158.05
2756,-158.04
2757,-158.04
2758,-158.05
2759,-158.06
2760,-158.07
2761,-158.09
2762,-158.09
2763,-158.1
2764,-158.1
2765,-158.1
2766,-158.11
2767,-158.11
2768,-158.12
2769,-158.12
2770,-158.12
2771,-158.12
2772,-158.13
2773,-158.13
2774,-158.13
2775,-158.12
2776,-158.12
2777,-158.13
2778,-158.13
2779,-158.13
2780,-158.13
2781,-158.15
2782,-158.15
2783,-158.13
2784,-158.13
2785,-158.13
2786,-158.13
2787,-158.13
2788,-158.13
2789,-158.13
2790,-158.13
2791,-158.15
2792,-158.15
2793,-158.16
2794,-158.15
2795,-158.16
2796,-158.15
2797,-158.15
2798,-158.15
2799,-158.16
2800,-158.17
2801,-158.17
2802,-158.18
2803,-158.18
2804,-158.18
2805,-158.18
2806,-158.18
2807,-158.18
2808,-158.18
2809,-158.19
2810,-158.19
2811,-158.19
2812,-158.19
2813,-158.2
2814,-158.2
2815,-158.2
2816,-158.19
2817,-158.18
2818,-158.18
2819,-158.19
2820,-158.19
2821,-158.2
2822,-158.2
2823,-158.2
2824,-158.2
2825,-158.2
2826,-158.2
2827,-158.2
2828,-158.21
2829,-158.21
2830,-158.22
2831,-158.22
2832,-158.23
2833,-158.23
2834,-158.23
2835,-158.24
2836,-158.25
2837,-158.25
2838,-158.25
2839,-158.25
2840,-158.25
2841,-158.25
2842,-158.25
2843,-158.26
2844,-158.27
2845,-158.28
2846,-158.28
2847,-158.3
2848,-158.3
2849,-158.3
2850,-158.31
2851,-158.3
2852,-158.31
2853,-158.31
2854,-158.3
2855,-158.3
2856,-158.3
2857,-158.3
2858,-158.31
2859,-158.31
2860,-158.33
2861,-158.33
2862,-158.33
2863,-158.33
2864,-158.33
2865,-158.33
2866,-158.33
2867,-158.33
2868,-158.33
2869,-158.33
2870,-158.33
2871,-158.33
2872,-158.33
2873,-158.34
2874,-158.34
2875,-158.34
2876,-158.34
2877,-158.35
2878,-158.36
2879,-158.39
2880,-158.39
2881,-158.4
2882,-158.4
2883,-158.4
2884,-158.39
2885,-158.39
2886,-158.4
2887,-158.4
2888,-158.4
2889,-158.4
2890,-158.4
2891,-158.4
2892,-158.4
2893,-158.4
2894,-158.4
2895,-158.4
2896,-158.4
2897,-158.4
2898,-158.4
2899,-158.4
2900,-158.4
2901,-158.4
2902,-158.4
2903,-158.4
2904,-158.4
2905,-158.4
2906,-158.4
2907,-158.4
2908,-158.4
2909,-158.4
2910,-158.4
2911,-158.4
2912,-158.4
2913,-158.4
2914,-158.4
2915,-158.41
2916,-158.41
2917,-158.42
2918,-158.44
2919,-158.44
2920,-158.44
2921,-158.44
2922,-158.44
2923,-158.44
2924,-158.44
2925,-158.44
2926,-158.44
2927,-158.44
2928,-158.44
2929,-158.44
2930,-158.44
2931,-158.44
2932,-158.44
2933,-158.44
2934,-158.44
2935,-158.44
2936,-158.44
2937,-158.44
2938,-158.44
2939,-158.45
2940,-158.45
2941,-158.45
2942,-158.45
2943,-158.46
2944,-158.47
2945,-158.47
2946,-158.47
2947,-158.46
2948,-158.46
2949,-158.46
2950,-158.46
2951,-158.46
2952,-158.46
2953,-158.46
2954,-158.46
2955,-158.46
2956,-158.47
2957,-158.47
2958,-158.49
2959,-158.5
2960,-158.51
2961,-158.51
2962,-158.51
2963,-158.51
2964,-158.51
2965,-158.51
2966,-158.51
2967,-158.51
2968,-158.51
2969,-158.51
2970,-158.51
2971,-158.51
2972,-158.51
2973,-158.51
2974,-158.53
2975,-158.53
2976,-158.56
2977,-158.57
2978,-158.58
2979,-158.58
2980,-158.58
2981,-158.58
2982,-158.58
2983,-158.6
2984,-158.6
2985,-158.61
2986,-158.62
2987,-158.63
2988,-158.63
2989,-158.66
2990,-158.66
2991,-158.67
2992,-158.7
2993,-158.73
2994,-158.77
2995,-158.8
2996,-158.8
2997,-158.83
2998,-158.84
2999,-159.05
3000,-161.62
